nathan,a,Nathan,Martin,@theironyard.com
matt,a,Matt,B,@theironyard.com
alex,a,Alex,H,@theironyard.com
doug,a,Doug,S,@theironyard.com
duke,a,Earl,B,@theironyard.com
jessica,a,Jessica,H,@theironyard.com
holden,a,Holden,H,@theironyard.com
bryan,a,Bryan,B,@theironyard.com
ben,a,Ben,D,@theironyard.com
cam,a,Cam,A,@theironyard.com
jack,a,Jack,N,@theironyard.com
landon,a,Landon,K,@theironyard.com
max,a,Max,K,@theironyard.com
josh,a,Josh,G,@theironyard.com
kate,a,Kate,W,@theironyard.com
kellee,a,Kellee,M,@theironyard.com
barret,a,Barrett,M,@theironyard.com
brandon,a,Brandon,J,@theironyard.com
jet,a,Jet,B,@theironyard.com
allie,a,Allie,R,@theironyard.com
juan,a,Juan,A,@theironyard.com
jared,a,Jared,B,@theironyard.com
charles,a,Charles,L,@theironyard.com
dustin,a,Dustin,G,@theironyard.com
sally,a,Sally,K,@theironyard.com
jacob,a,Jacob,S,@theironyard.com
terry,a,Terry,K,@theironyard.com
kaity,a,Kaity,M,@theironyard.com
lindsay,a,Lindsay,W,@theironyard.com
brady,a,Brady,R,@theironyard.com
lauren,a,Lauren,F,@theironyard.com